Region,Population,Median Household Income(pre-tax)
Toronto,2731571,65829
West Humber-Clairville,33312,70741
Mount Olive-Silverstone-Jamestown,32954,55334
Thistletown-Beaumond Heights,10360,65459
Rexdale-Kipling,10529,63232
Elms-Old Rexdale,9456,59576
Kingsview Village-The Westway,22000,60824
Willowridge-Martingrove-Richview,22156,71584
Humber Heights-Westmount,10948,68996
Edenbridge-Humber Valley,15535,84113
Princess-Rosethorn,11051,139039
Eringate-Centennial-West Deane,18588,88872
Markland Wood,10554,86965
Etobicoke West Mall,11848,63973
Islington-City Centre West,43965,72921
Kingsway South,9271,151552
Stonegate-Queensway,25051,85138
Mimico (includes Humber Bay Shores),33964,67525
New Toronto,11463,50891
Long Branch,10084,61536
Alderwood,12054,83249
Humber Summit,12416,61373
Humbermede,15545,57609
Pelmo Park-Humberlea,10722,79508
Black Creek,21737,46580
Glenfield-Jane Heights,30491,51964
Downsview-Roding-CFB,35052,57611
York University Heights,27593,53772
Rustic,9941,44904
Maple Leaf,10111,62976
Brookhaven-Amesbury,17757,52988
Yorkdale-Glen Park,14804,63778
Englemount-Lawrence,22372,58003
Clanton Park,16472,69997
Bathurst Manor,15873,69634
Westminster-Branson,26274,54101
Newtonbrook West,23831,54981
Willowdale West,16936,59675
Lansing-Westgate,16164,80384
Bedford Park-Nortown,23236,116672
St.Andrew-Windfields,17812,98420
Bridle Path-Sunnybrook-York Mills,9266,215798
Banbury-Don Mills,27695,77547
Victoria Village,17510,51867
Flemingdon Park,21933,48917
Parkwoods-Donalda,34805,65126
Pleasant View,15818,70189
Don Valley Village,27051,63997
Hillcrest Village,16934,70539
Bayview Woods-Steeles,13154,78965
Newtonbrook East,16097,60358
Willowdale East,50434,61920
Bayview Village,21396,67355
Henry Farm,15723,56644
O'Connor-Parkview,18675,59729
Thorncliffe Park,21108,46595
Leaside-Bennington,16828,126930
Broadview North,11499,52731
Old East York,9233,77824
Danforth-East York,17180,81253
Woodbine-Lumsden,7865,74608
Taylor-Massey,15683,46669
East End-Danforth,21381,69026
The Beaches,21567,100365
Woodbine Corridor,12541,76476
Greenwood-Coxwell,14417,70574
Danforth,9666,76597
Playter Estates-Danforth,7804,73216
North Riverdale,11916,89063
Blake-Jones,7727,64483
South Riverdale,27876,76172
Cabbagetown-South St. James Town,11669,61184
Regent Park,10803,42369
Moss Park,20506,52490
North St. James Town,18615,41016
Church-Yonge Corridor,31340,56366
Bay Street Corridor,25797,48737
Waterfront Communities-The Island,65913,78479
Kensington-Chinatown,17945,44216
University,7607,57847
Palmerston-Little Italy,13826,71168
Trinity-Bellwoods,16556,72226
Niagara,31180,79441
Dufferin Grove,11785,59099
Little Portugal,15559,66542
South Parkdale,21849,41761
Roncesvalles,14974,63130
High Park-Swansea,23925,82753
High Park North,22162,68116
Runnymede-Bloor West Village,10070,112128
Junction Area,14366,73720
Weston-Pellam Park,11098,59682
Corso Italia-Davenport,14133,71434
Dovercourt-Wallace Emerson-Junction,36625,64331
Wychwood,14349,66089
Annex,30526,71053
Casa Loma,10968,93022
Yonge-St.Clair,12528,80136
Rosedale-Moore Park,20923,106740
Mount Pleasant East,16775,93566
Yonge-Eglinton,11817,80896
Forest Hill South,10732,94536
Forest Hill North,12806,70920
Lawrence Park South,15179,151885
Mount Pleasant West,29658,61839
Lawrence Park North,14607,144963
Humewood-Cedarvale,14365,61440
Oakwood Village,21210,58216
Briar Hill - Belgravia,14257,60899
Caledonia-Fairbank,9955,66048
Keelesdale-Eglinton West,11058,57780
Rockcliffe-Smythe,22246,54908
Beechborough-Greenbrook,6577,45211
Weston,17992,45695
Lambton Baby Point,7985,84414
Mount Dennis,13593,52162
Steeles,24623,66719
L'Amoreaux,43993,59445
Tam O'Shanter-Sullivan,27446,58246
Wexford/Maryvale,27917,62837
Clairlea-Birchmount,26984,68524
Oakridge,13845,39757
Birchcliffe-Cliffside,22291,73216
Cliffcrest,15935,75291
Kennedy Park,17123,51028
Ionview,13641,53177
Dorset Park,25003,57986
Bendale,29960,60292
Agincourt South-Malvern West,23757,61992
Agincourt North,29113,64686
Milliken,26572,65861
Rouge,46496,92457
Malvern,43794,64114
Centennial Scarborough,13362,114897
Highland Creek,12494,102740
Morningside,17455,59963
West Hill,27392,56051
Woburn,53485,56186
Eglinton East,22776,53081
Scarborough Village,16724,49568
Guildwood,9917,87538
